"id","name-norwegian","group-number","group-norwegian","type","fci-status","cacib","name-english","group-english","country","url-image","url-fci","url-nkk"
"287","Australian cattledog",1,"1 – Bruks- hyrde- og gjeterhunder",,,,,,,"https://cdn.britannica.com/51/236051-050-C70F4FE8/Australian-cattle-dog.jpg",,
"293","Australian kelpie",1,"1 – Bruks- hyrde- og gjeterhunder",,,,,,,"https://cdn.shopify.com/s/files/1/0994/0236/files/australian-kelpie-fun-facts-crate-size_large.jpg?v=1560726590",,
"342","Australian shepherd",1,"1 – Bruks- hyrde- og gjeterhunder",,,,,,,"https://www.k9web.com/wp-content/uploads/2021/01/adult-blue-merle-australian-shepherd-posing-outdoor.jpg",,
"351","Australian stumpy tail cattle dog",1,"1 – Bruks- hyrde- og gjeterhunder",,"provisional","no",,,,"https://www.dailypaws.com/thmb/k8v-mb4TXCNcnVhZGaBibHPlSK4=/1500x0/filters:no_upscale():max_bytes(150000):strip_icc()/australian-stumpy-tail-cattle-dog-side-view-grey-and-white-bernadette-merchant-2000-b6d116a72e28476c984b9bbf6adfabb8.jpg",,
"340","Azores cattle dog",1,"1 – Bruks- hyrde- og gjeterhunder",,,,,,,"http://yesofcorsa.com/wp-content/uploads/2017/09/Azores-Cattle-Dog-Wallpaper.jpg",,
"271","Bearded collie",1,"1 – Bruks- hyrde- og gjeterhunder",,,,,,,"https://nosamisleschiens.fr/wp-content/uploads/2014/12/Bearded-Collie-scaled.jpeg",,
"044","Beauceron",1,"1 – Bruks- hyrde- og gjeterhunder",,,,,,,"https://www.thekennelclub.org.uk/media/1420/beauceron-standing.jpg?mode=pad&width=1000&rnd=132140471910000000",,
"194","Bergamasco",1,"1 – Bruks- hyrde- og gjeterhunder",,,,,,,"https://s3.amazonaws.com/cdn-origin-etr.akc.org/wp-content/uploads/2017/11/28124755/Bergamasco-Sheepdog-standing-in-a-field-in-the-mountains.jpg",,
"297","Border collie",1,"1 – Bruks- hyrde- og gjeterhunder",,,,,,,"https://animalsbreeds.com/wp-content/uploads/2015/01/border-collie-8.jpg",,
"191","Bouvier des Flandres",1,"1 – Bruks- hyrde- og gjeterhunder",,,,,,,"https://upload.wikimedia.org/wikipedia/commons/7/7f/Bouvier.JPG",,
"113","Briard",1,"1 – Bruks- hyrde- og gjeterhunder",,,,,,,"https://upload.wikimedia.org/wikipedia/commons/6/60/Briard_fauve.JPG",,
"000","Chodsky pes",1,"1 – Bruks- hyrde- og gjeterhunder",,"not approved","no",,,,"https://fs2-ct24.ceskatelevize.cz/image/Y2U0ZWQ2ZjNlMDk0NjUyOA4bOzyHPBXAq6QCXGW3HZ7QnO83rRcKliZgEWJxSldDFTVnCaSSSGoFSbesBIBCSAuRJHV7tDcxBGnPrXlVhI_s6NPqZesQyjID2u7tBKFhfcRwvLcryKRROD7u8HvAyQ.jpg?width=768",,
"296","Collie langhåret",1,"1 – Bruks- hyrde- og gjeterhunder",,,,,,,"https://billeder.bazoom.dk/hunde/galleri/295/l/1473836/collie-langhaaret-lapinettes-fire-it-up.jpg",,
"156","Collie korthåret",1,"1 – Bruks- hyrde- og gjeterhunder",,,,,,,"http://www.collie.dk/xdoc/333/fotoalbum/2260/DCK.T%C3%B6rnskogensXBvlgariXFemme.jpg",,
"015","Groenedael",1,"1 – Bruks- hyrde- og gjeterhunder",,,,,,,"https://d1uds7lne6pawy.cloudfront.net/img/posts/post-img-5e52768f3d1f9.jpg",,
"223","Hollandsk gjeterhund korthåret",1,"1 – Bruks- hyrde- og gjeterhunder",,,,,,,"https://b3310731.smushcdn.com/3310731/wp-content/uploads/2023/09/hollandsk-gjeterhund-lek-1024x683.jpg?lossy=2&strip=1&webp=1",,
"223","Hollandsk gjeterhund langhåret",1,"1 – Bruks- hyrde- og gjeterhunder",,,,,,,"http://hollenderklubben.com/wp-content/uploads/2017/06/trontoppens-avita1-1024x685.jpg",,
"223","Hollandsk gjeterhund strihåret",1,"1 – Bruks- hyrde- og gjeterhunder",,,,,,,"https://rasehund.no/bilder/hundebilder/20/image/l_WKYSMJPGIK1021201014531.jpg",,
"347","Hvit gjeterhund",1,"1 – Bruks- hyrde- og gjeterhunder",,,,,,,"https://wallpaperaccess.com/full/3767359.jpg",,
"087","Katalansk gjeterhund",1,"1 – Bruks- hyrde- og gjeterhunder",,,,,,,"https://globaldogbreeds.com/uploads/gallery/1625574998_4679_Catalan%20Sheepdog%20Images.jpg",,
"053","Komodor",1,"1 – Bruks- hyrde- og gjeterhunder",,,,,,,"https://www.dogs-wallpapers.eu/dog/komondor-white.jpg",,
"277","Kroatisk gjeterhund",1,"1 – Bruks- hyrde- og gjeterhunder",,,,,,,"https://rasehund.no/bilder/hundebilder/24/image/l_UVALKKINEC1221201091749.jpg",,
"015","Laekenois",1,"1 – Bruks- hyrde- og gjeterhunder",,,,,,,"https://s3.amazonaws.com/cdn-origin-etr.akc.org/wp-content/uploads/2020/06/30155954/Belgian-Laekenois-standing-in-a-field.20200625222043139.jpg",,
"000","Lancashire heeler",1,"1 – Bruks- hyrde- og gjeterhunder",,"provisional","no",,,,"https://hundefunde.de/wp-content/uploads/2021/12/Lancashire-Heeler-_-Titelbild.jpg",,
"015","Malinios",1,"1 – Bruks- hyrde- og gjeterhunder",,,,,,,"https://post.bark.co/wp-content/uploads/2022/09/Belgian-Malinoisft-1.jpg",,
"321","Mallorcansk gjeterhund",1,"1 – Bruks- hyrde- og gjeterhunder",,,,,,,"https://rasehund.no/bilder/hundebilder/28/image/l_WNFBAZLWDD10132008175353.JPG",,
"201","Maremma",1,"1 – Bruks- hyrde- og gjeterhunder",,,,,,,"https://www.thekennelclub.org.uk/media/1475/maremma-sheepdog-standing.jpg?mode=pad&width=1000&rnd=132140629110000000",,
"367","Miniature american shepherd",1,"1 – Bruks- hyrde- og gjeterhunder",,"not approved","no",,,,"https://www.skk.se/contentassets/ef9e5a8f4f35407fa45a4d15194b0882/155-miniature-american-shepherd.jpg",,
"238","Mudi",1,"1 – Bruks- hyrde- og gjeterhunder",,,,,,,"https://www.petpaw.com.au/wp-content/uploads/2015/04/Mudi-is-standing-and-smiling-2.jpg",,
"016","Old english sheepdog",1,"1 – Bruks- hyrde- og gjeterhunder",,,,,,,"https://i0.wp.com/www.wagpets.com/wp-content/uploads/2021/04/old-english-sheepdog-a-lively-intelligent-breed.jpeg?w=1334&ssl=1",,
"176","Picard",1,"1 – Bruks- hyrde- og gjeterhunder",,,,,,,"https://animalsbreeds.com/wp-content/uploads/2015/01/Berger-Picard-3.jpg",,
"251","Polsk owczarek nizinny",1,"1 – Bruks- hyrde- og gjeterhunder",,,,,,,"https://khkg.dk/images/Cache/e809ef4c-ecac-4ef9-8eb4-f65782f3fbe2.jpg",,
"252","Polsk owczarek podhalanski",1,"1 – Bruks- hyrde- og gjeterhunder",,,,,,,"https://sklepzkarmami.pl/poradnik/wp-content/uploads/2022/02/owczarek_odhalanski-1200x800.jpg",,
"093","Portugisisk gjeterhund",1,"1 – Bruks- hyrde- og gjeterhunder",,,,,,,"https://s3.amazonaws.com/cdn-origin-etr.akc.org/wp-content/uploads/2017/11/19232040/Black-Portuguese-Sheepdog-standing-outdoors-in-the-grass.jpg",,
"055","Puli",1,"1 – Bruks- hyrde- og gjeterhunder",,,,,,,"https://www.thesprucepets.com/thmb/S2l8pVDxKunI_ib6xfrNDB7pYJg=/2119x1415/filters:no_upscale():max_bytes(150000):strip_icc()/GettyImages-1132440532-4cbe7d4df091453bafcd52ce32cb3342.jpg",,
"056","Pumi",1,"1 – Bruks- hyrde- og gjeterhunder",,,,,,,"http://www.petpaw.com.au/wp-content/uploads/2014/10/pumi-dog-6.jpg",,
"141","Pyreneisk gjeterhund",1,"1 – Bruks- hyrde- og gjeterhunder",,,,,,,"https://rasehund.no/bilder/hundebilder/38/image/l_CKYHVLHJUH5202011154653.jpg",,
"138","Pyreneisk gjeterhund korthåret hode",1,"1 – Bruks- hyrde- og gjeterhunder",,,,,,,"https://www.thekennelclub.org.uk/media/4425/pyrenean-sheepdog-smooth-faced-1.jpg?mode=pad&width=1000&rnd=132600400680000000",,
"349","Romanian carpathian shepherd dog",1,"1 – Bruks- hyrde- og gjeterhunder",,,,,,,"https://www.101dogbreeds.com/wp-content/uploads/2016/04/Romanian-Carpathian-Shepherd-Dog.jpg",,
"311","Saarloos wolfhond",1,"1 – Bruks- hyrde- og gjeterhunder",,,,,,,"https://www.dogmal.com/wp-content/uploads/2018/06/Saarloos-Wolfdog.jpg",,
"313","Schapendoes",1,"1 – Bruks- hyrde- og gjeterhunder",,,,,,,"https://www.tieranzeigen.at/magazin/hunde/hunderassen/schapendoes/schapendoes-xl.jpg",,
"083","Schipperke",1,"1 – Bruks- hyrde- og gjeterhunder",,,,,,,"https://www.dailypaws.com/thmb/UoqxDJ1ovamYc5iMuEf_UYIV2eM=/1500x0/filters:no_upscale():max_bytes(150000):strip_icc()/schipperke-standing-with-apples-square-crop-397087622-e782462c58ed4818a17260c71b696472.jpg",,
"166","Schäferhund",1,"1 – Bruks- hyrde- og gjeterhunder",,,,,,,"https://www.haustierratgeber.de/wp-content/uploads/2016/02/Deutscher-Sch%C3%A4ferhund.png",,
"088","Shetland sheepdog",1,"1 – Bruks- hyrde- og gjeterhunder",,,,,,,"https://fishsubsidy.org/wp-content/uploads/2020/01/shetland-sheepdog-temprament.jpg",,
"142","Slovakisk cuvac",1,"1 – Bruks- hyrde- og gjeterhunder",,,,,,,"https://img.dog-learn.com/dog-breeds/slovak-cuvac/images/white-slovak-cuvac.jpg",,
"326","Sydrussisk ovtcharka",1,"1 – Bruks- hyrde- og gjeterhunder",,,,,,,"https://upload.wikimedia.org/wikipedia/commons/thumb/a/a1/Owczarek_pooo%C5%82udnioworosyjski_ju%C5%BCak_p.jpg/1920px-Owczarek_pooo%C5%82udnioworosyjski_ju%C5%BCak_p.jpg",,
"015","Tervuren",1,"1 – Bruks- hyrde- og gjeterhunder",,,,,,,"https://assets.orvis.com/is/image/orvisprd/AdobeStock_85765461",,
"332","Tsjekkoslovakisk ulvehund",1,"1 – Bruks- hyrde- og gjeterhunder",,,,,,,"https://www.101dogbreeds.com/wp-content/uploads/2015/04/Czechoslovakian-Vlcak-Dog.jpg",,
"054","Ungarsk kuvasz",1,"1 – Bruks- hyrde- og gjeterhunder",,,,,,,"https://www.dogzone.com/images/breeds/hungarian-kuvasz-800.jpg",,
"n/a","East European Shepherd Vostochno-Evropeiskaya Ovcharka",1,"1 – Bruks- hyrde- og gjeterhunder",,"not approved","no",,,,"https://upload.wikimedia.org/wikipedia/commons/1/1c/Vostochno_Evropeiskaya_Ovcharka.jpg",,
"038","Welsh corgi cardigan",1,"1 – Bruks- hyrde- og gjeterhunder",,,,,,,"https://www.thesprucepets.com/thmb/cK8pC72E-J1kol3Xd3qbctH7URk=/960x0/filters:no_upscale():max_bytes(150000):strip_icc()/GettyImages-506513232-ddf4848f66de48c1b0b9a82ace2dddce.jpg",,
"039","Welsh corgi pembroke",1,"1 – Bruks- hyrde- og gjeterhunder",,,,,,,"https://animalsbreeds.com/wp-content/uploads/2014/11/Pembroke-Welsh-Corgi-2.jpeg",,
"000","Working keplie",1,"1 – Bruks- hyrde- og gjeterhunder",,"not approved","no",,,,"https://i0.wp.com/working-kelpie.com/wp-content/uploads/2021/04/2-Working-Kelpie-Brueder-stand-03-2014.jpg?w=1590&ssl=1",,
,,,,,,,,,,,,
"186","Affenpinscher",2,"2 – Pinscher- schnauzer- molosser- og sennenhunder",,,,,,,"https://animalsbreeds.com/wp-content/uploads/2014/09/Affenpinscher-9.jpg",,
"247","Aidi",2,"2 – Pinscher- schnauzer- molosser- og sennenhunder",,,,,,,"https://planetacan.com/assets/img/razas/2012/05/31/1440/aidi-b1.jpg",,
"331","Anatolisk gjeterhund",2,"2 – Pinscher- schnauzer- molosser- og sennenhunder",,,,,,,"https://media.snl.no/media/23174/standard_Anatolsk_gjeterhund.jpg",,
"046","Appenzeller sennenhund",2,"2 – Pinscher- schnauzer- molosser- og sennenhunder",,,,,,,"https://www.zooplus.de/magazin/wp-content/uploads/2017/03/appenzeller-sennenhund-im-grass.jpg",,
"292","Argentinsk dogge",2,"2 – Pinscher- schnauzer- molosser- og sennenhunder",,,,,,,"https://www.nieuwehond.nl/wp-content/uploads/2016/09/Argentijnse-Dod-dogo-argentino.jpg",,
"045","Berner sennenhund",2,"2 – Pinscher- schnauzer- molosser- og sennenhunder",,,,,,,"https://www.zooroyal.de/magazin/wp-content/uploads/2017/02/berner-sennenhund-760x570.jpg",,
"116","Bordeaux dogge",2,"2 – Pinscher- schnauzer- molosser- og sennenhunder",,,,,,,"https://www.mein-haustier.de/wp-content/uploads/2019/02/shutterstock_197563469-komprimiert.jpg",,
"144","Boxer",2,"2 – Pinscher- schnauzer- molosser- og sennenhunder",,,,,,,"https://dogsloveusmore.com/wp-content/uploads/2019/12/83767782_s.jpg",,
"315","Broholmer",2,"2 – Pinscher- schnauzer- molosser- og sennenhunder",,,,,,,"https://upload.wikimedia.org/wikipedia/commons/d/d0/Ivarr.JPG",,
"157","Bullmastiff",2,"2 – Pinscher- schnauzer- molosser- og sennenhunder",,,,,,,"https://www.mein-haustier.de/wp-content/uploads/2017/12/Bullmastiff-stehend.jpg",,
"343","Cane corse",2,"2 – Pinscher- schnauzer- molosser- og sennenhunder",,,,,,,"https://www.zooplus.be/magazine/wp-content/uploads/2018/12/cane-corso-2.jpg",,
"170","Castro laboreirohund",2,"2 – Pinscher- schnauzer- molosser- og sennenhunder",,,,,,,"https://brit-petfood.com/file/nodes/product/castrolaboreirsky%20pastevecky%20pes.JPG",,
"356","Dansk-svensk gårdshund",2,"2 – Pinscher- schnauzer- molosser- og sennenhunder",,"provisional","no",,,,"https://skadi.se/wp-content/uploads/2019/09/betty2.jpg",,
"143","Dobermann",2,"2 – Pinscher- schnauzer- molosser- og sennenhunder",,,,,,,"https://www.zooplus.de/magazin/wp-content/uploads/2017/03/dobermann-huendin-schwarz-auf-wiese.jpg",,
"346","Dogo canario",2,"2 – Pinscher- schnauzer- molosser- og sennenhunder","Molosser",,,,,,"https://www.canibest.com/www/canibest/static/images/illustrations/fiche-race-chien-dogo-canario.jpg",,
"185","Dvergpinscher",2,"2 – Pinscher- schnauzer- molosser- og sennenhunder",,,,,,,"https://upload.wikimedia.org/wikipedia/commons/a/a1/Miniature_pinscher.jpg",,
"183","Dvergschnauzer hvit",2,"2 – Pinscher- schnauzer- molosser- og sennenhunder",,,,,,,"https://2.bp.blogspot.com/-vfI40KXdhaU/UUoRXVAwNEI/AAAAAAAABWY/VJa3X9rbedU/s1600/white+Miniature+Schnauzer.jpg",,
"183","Dvergschnauzer salt-pepper",2,"2 – Pinscher- schnauzer- molosser- og sennenhunder",,,,,,,"https://nsbk.no/wp-content/uploads/2017/09/dvergschnauzer-1-700x492.jpg",,
"183","Dvergschnauzer sort",2,"2 – Pinscher- schnauzer- molosser- og sennenhunder",,,,,,,"https://www.dogster.com/wp-content/uploads/2024/03/miniature-schnauzer-black-dog-standing-outdoors_AnnaZhidkova_shutterstock.jpeg",,
"183","Dvergschnauzer sort-sølv",2,"2 – Pinscher- schnauzer- molosser- og sennenhunder",,,,,,,"https://i.pinimg.com/originals/c3/ee/de/c3eede6b210cc3551e933a99414ab775.jpg",,
"149","Engelsk bulldog",2,"2 – Pinscher- schnauzer- molosser- og sennenhunder",,,,,,,"https://upload.wikimedia.org/wikipedia/commons/b/bf/Bulldog_inglese.jpg",,
"264","Engelsk mastiff",2,"2 – Pinscher- schnauzer- molosser- og sennenhunder",,,,,,,"https://www.petpaw.com.au/wp-content/uploads/2015/01/English-Mastiff-Dog1.jpg",,
"047","Entlebucher sennenhund",2,"2 – Pinscher- schnauzer- molosser- og sennenhunder",,,,,,,"https://upload.wikimedia.org/wikipedia/commons/f/ff/Elio_v_Schaerlig_im_Juni_2007_klein.jpg",,
"225","Fila brasileiro",2,"2 – Pinscher- schnauzer- molosser- og sennenhunder",,,,,,,"https://www.thesprucepets.com/thmb/-9bQaDwuSZxKrKYM-_GDySDxLgE=/4000x2667/filters:fill(auto,1)/fila-brasileiro-dog-portrait--summer-forest-scene-1203325840-d1ea372ac9e145f78e22ba85d71a0f1f.jpg",,
"235","Grand danios",2,"2 – Pinscher- schnauzer- molosser- og sennenhunder",,,,,,,"https://www.caonosso.pt/wp-content/uploads/2021/01/Grand-Danois-6.jpg",,
"058","Grosser schweizer sennenhund",2,"2 – Pinscher- schnauzer- molosser- og sennenhunder",,,,,,,"https://4.bp.blogspot.com/-ni0tifzlTpo/U09RTsTPchI/AAAAAAAAKyA/J7PjbVgT-Rw/s1600/gran-boyero-suizo.jpg",,
"190","Hovawart",2,"2 – Pinscher- schnauzer- molosser- og sennenhunder",,,,,,,"https://www.thesprucepets.com/thmb/AMEXKDAKdttdzI6kzyc6rIJZ1c8=/2121x1414/filters:fill(auto,1)/GettyImages-1137629286-e3a097df694e46eaad1980bfb9ccad24.jpg",,
"278","Karst gjeterhund",2,"2 – Pinscher- schnauzer- molosser- og sennenhunder",,,,,,,"https://planetacan.com/assets/img/razas/2013/08/06/1866/pastor-de-karst-b1.jpg",,
"328","Kaukasisk ovtcharka",2,"2 – Pinscher- schnauzer- molosser- og sennenhunder",,,,,,,"https://learnrussianlanguage.net/wp-content/uploads/2019/07/4c8bbf7814f1aedac16e66f46fe6b0cd-1024x862.jpg",,
"226","Landseer",2,"2 – Pinscher- schnauzer- molosser- og sennenhunder",,,,,,,"https://www.mascotarios.org/wp-content/uploads/2011/05/Landseer.jpg",,
"145","Leonberger",2,"2 – Pinscher- schnauzer- molosser- og sennenhunder",,,,,,,"https://upload.wikimedia.org/wikipedia/commons/b/b2/Leonberger_Huendin.JPG",,
"197","Napolitansk mastiff",2,"2 – Pinscher- schnauzer- molosser- og sennenhunder",,,,,,,"https://www.animales.website/wp-content/uploads/2017/03/Mast%C3%ADn-napolitano-768x552.jpg",,
"050","Newfoundlandshund",2,"2 – Pinscher- schnauzer- molosser- og sennenhunder",,,,,,,"https://www.thesprucepets.com/thmb/--2mAguIGgDlDoh5AZBQQzLEbS0=/2121x1414/filters:no_upscale():max_bytes(150000):strip_icc()/GettyImages-1264319646-e3e3ef0aabb24abda7edc744f91711eb.jpg",,
"249","Perro dogo mallorquin",2,"2 – Pinscher- schnauzer- molosser- og sennenhunder",,,,,,,"https://upload.wikimedia.org/wikipedia/commons/thumb/5/5b/ZarcoBruno2015.jpg/1920px-ZarcoBruno2015.jpg",,
"184","Pinscher (mellompinscher)",2,"2 – Pinscher- schnauzer- molosser- og sennenhunder",,,,,,,"https://www.zooplus.de/magazin/wp-content/uploads/2017/03/fotolia_131415000.jpg",,
"137","Pyreneerhund",2,"2 – Pinscher- schnauzer- molosser- og sennenhunder",,,,,,,"https://billeder.bazoom.dk/hunde/galleri/105/l/523823/pyreneerhund-sandybears-esibelle.jpg",,
"092","Pyreneisk mastiff",2,"2 – Pinscher- schnauzer- molosser- og sennenhunder",,,,,,,"https://images.fineartamerica.com/images-medium-large-5/2-pyrenean-mastiff-jean-michel-labat.jpg",,
"096","Rafeiro do Alentejo",2,"2 – Pinscher- schnauzer- molosser- og sennenhunder",,,,,,,"https://s3.amazonaws.com/cdn-origin-etr.akc.org/wp-content/uploads/2017/11/20180609/Rafeiro-do-Alentejo-standing-outdoors-in-a-field-1.jpg",,
"181","Riesenschnauzer salt-pepper",2,"2 – Pinscher- schnauzer- molosser- og sennenhunder",,,,,,,"https://lirp.cdn-website.com/f8225a76/dms3rep/multi/opt/Czeslaw-1920w.jpg",,
"181","Riesenschnauzer sort",2,"2 – Pinscher- schnauzer- molosser- og sennenhunder",,,,,,,"https://www.dogsis.com/wp-content/Giant-Schnauzer-posing2.jpg",,
"147","Rottweiler",2,"2 – Pinscher- schnauzer- molosser- og sennenhunder",,,,,,,"https://animalsbreeds.com/wp-content/uploads/2018/05/Rottweiler.jpg",,
"327","Russisk sort terrier",2,"2 – Pinscher- schnauzer- molosser- og sennenhunder",,,,,,,"https://a-z-animals.com/media/Black-Russian-Terrier-profile.jpg",,
"061","Sankt bernhardshund korthåret",2,"2 – Pinscher- schnauzer- molosser- og sennenhunder",,,,,,,"http://www.kennel-bie.dk/wp-content/uploads/2014/11/Milan-2.jpg",,
"061","Sankt bernhardshund langhåret",2,"2 – Pinscher- schnauzer- molosser- og sennenhunder",,,,,,,"https://hunderacer.dk/gallery_images_big/sankt-bernhardshund-star-i-sneed-12990.jpg",,
"041","Sarplaninac",2,"2 – Pinscher- schnauzer- molosser- og sennenhunder",,,,,,,"https://upload.wikimedia.org/wikipedia/commons/thumb/f/f1/Szarplaninac_t5645.jpg/1280px-Szarplaninac_t5645.jpg",,
"182","Schnauzer salt-pepper",2,"2 – Pinscher- schnauzer- molosser- og sennenhunder",,,,,,,"https://www.nkk.no/getfile.php/136092-1486106291/Bilder/Rasebilder/Schnauzer%20salt_pepper/Schnauzer%20salt%20og%20pepper_LB_9357_kat_nr_1022_D4A2012.jpg%20%28dog_race_profile%29.jpg",,
"182","Schnauzer sort",2,"2 – Pinscher- schnauzer- molosser- og sennenhunder",,,,,,,"https://www.nkk.no/getfile.php/136113-1486106325/Bilder/Rasebilder/Schnauzer%20sort/Schnauzer%20sort_Vibeke%20Brath.jpg%20%28dog_race_profile%29.jpg",,
"335","Sentralasiatisk ovtcharka",2,"2 – Pinscher- schnauzer- molosser- og sennenhunder",,,,,,,"https://www.dehunderassen.de/uploads/thumbs/720x568-resize/dog/826/zentralasiatischer-owtscharka-14104.jpg",,
"173","Serra da estrelahund",2,"2 – Pinscher- schnauzer- molosser- og sennenhunder",,,,,,,"https://cdn.fotofits.com/petzlover/gallery/img/l/estrela-mountain-dog-842315.jpg",,
"173","Serra da estrelahund korthåret",2,"2 – Pinscher- schnauzer- molosser- og sennenhunder",,,,,,,"https://i.pinimg.com/736x/b2/2c/85/b22c854a33666a4e2eb1ae3c3ff49d7b.jpg",,
"309","Shar pei",2,"2 – Pinscher- schnauzer- molosser- og sennenhunder",,,,,,,"https://www.infoescola.com/wp-content/uploads/2010/10/Shar-Pei_220520443.jpg",,
"308","Smoushond",2,"2 – Pinscher- schnauzer- molosser- og sennenhunder",,,,,,,"https://dogbreeds.wiki/uploads/d/dutch-smoushond-photo-2.jpg",,
"357","Southeastern European Shepherd Bucovina",2,"2 – Pinscher- schnauzer- molosser- og sennenhunder",,"provisional","no",,,,"https://upload.wikimedia.org/wikipedia/commons/d/dd/Bucovina_Sheepdog.jpg",,
"091","Spansk mastiff",2,"2 – Pinscher- schnauzer- molosser- og sennenhunder",,,,,,,"https://www.thesprucepets.com/thmb/x3IdamoagEPvEPn34NoEcpIJleM=/3352x2394/filters:fill(auto,1)/GettyImages-1177810627-8c8388c3b397448a97771a4bcd05a483.jpg",,
"230","Tibetansk mastiff",2,"2 – Pinscher- schnauzer- molosser- og sennenhunder",,,,,,,"https://www.thesprucepets.com/thmb/jschPYYgX2Z2R04YkFt_HBIblJw=/1566x1044/filters:fill(auto,1)/GettyImages-1214648223-a185de9c88984ca69f1ac720bdea6efe.jpg",,
"260","Tosa",2,"2 – Pinscher- schnauzer- molosser- og sennenhunder",,,,,,,"https://www.thesprucepets.com/thmb/7vfdPrsVcKbgSDMzXJFC7ZkUeqw=/2121x0/filters:no_upscale():max_bytes(150000):strip_icc()/GettyImages-694247536-f5b172a3eae0498f86cb72933ba54224.jpg",,
"064","Østerrisk pinscher",2,"2 – Pinscher- schnauzer- molosser- og sennenhunder",,,,,,,"https://www.101dogbreeds.com/wp-content/uploads/2017/06/Austrian-Pinscher-Images.jpg",,
,,,,,,,,,,,,
"007","Airedale terrier",3,"3 – Terriere",,,,,,,"https://www.thesprucepets.com/thmb/miCNFMt_9QeC8Jfd5ptlYUluFmA=/1880x0/filters:no_upscale():max_bytes(150000):strip_icc()/AiredaleTerrierGettyImages-504911778kamil-9a9e95a1f0674cf0818dc4be2770e07d.jpg",,
"000","Amerikansk nakenterrier",3,"3 – Terriere",,"not approved","no",,,,"https://norskterrierklub.no/Userfiles/Sites/images/AmStaff/IGGY.jpg",,
"286","Amerikansk Staffordshire terrier",3,"3 – Terriere",,,,,,,"https://www.selectadogbreed.com/media/1011/americanstaffordshireterrier_adult.jpg",,
"008","Australsk terrier",3,"3 – Terriere",,,,,,,"https://www.infoescola.com/wp-content/uploads/2013/05/Terrier-Australiano_417431095.jpg",,
"009","Bedlington terrier",3,"3 – Terriere",,,,,,,"https://www.agila.de/images/magazin/full/bedlington-terrier-full-818x522.jpg",,
"010","Border terrier",3,"3 – Terriere",,,,,,,"https://images.wagwalkingweb.com/media/breed/border-terrier/hero/border-terrier.jpg",,
"341","Brasiliansk terrier",3,"3 – Terriere",,,,,,,"https://manchester-brasileiro.pl/files/brazilian-terrier.jpg",,
"011","Bull terrier",3,"3 – Terriere",,,,,,,"https://fofuxo.com.br/_upload/galleries/2013/04/01/bull-terrier-515988065763e.jpg",,
"004","Cairn terrier",3,"3 – Terriere",,,,,,,"https://media-be.chewy.com/wp-content/uploads/2021/06/02135147/Cairn-Terrier-FeaturedImage.jpg",,
"246","Cesky terrier",3,"3 – Terriere",,,,,,,"https://terrierplanet.com/wp-content/uploads/2020/09/Cesky-Terrier-Images.jpg",,
"168","Dandie dinmont terrier",3,"3 – Terriere",,,,,,,"https://www.houdenvanhonden.nl/globalassets/rassen/fci-3/dandie-dinmont-terrier/ddt-ou-0014.jpg",,
"013","Engelsk toy terrier",3,"3 – Terriere",,,,,,,"https://www.tieranzeigen.at/magazin/hunde/hunderassen/english-toy-terrier/english-toy-terrier-xl.jpg",,
"012","Fox terrier glatthåret smooth",3,"3 – Terriere",,,,,,,"https://animalsbreeds.com/wp-content/uploads/2014/12/Smooth-Fox-Terrier-2.jpg",,
"169","Fox terrier ruhåret wire",3,"3 – Terriere",,,,,,,"https://nosamisleschiens.fr/wp-content/uploads/2014/12/fox-terrier.jpeg",,
"302","Irish Glen of Imaal terrier",3,"3 – Terriere",,,,,,,"https://www.nkk.no/getfile.php/132263244-1576844468/Bilder/Rasebilder/Irish%20glen%20of%20imaal%20terrier/IMG-3278%20Irish%20Glen%20of%20Imaal.JPG%20(optimized_original).jpg",,
"040","Irish softcoated wheaten terrier",3,"3 – Terriere",,,,,,,"https://www.thesprucepets.com/thmb/ynY6eg878RzkwXw9Au9aF7F3_jQ=/1500x1000/filters:fill(auto,1)/GettyImages-466537013-1115343d979f49658c4874b6e72b2d1e.jpg",,
"139","Irish terrier",3,"3 – Terriere",,,,,,,"https://animalsbreeds.com/wp-content/uploads/2014/07/Irish-Terrier-5.jpg",,
"345","Jack russell terrier",3,"3 – Terriere",,,,,,,"https://breedadvisor.com/wp-content/uploads/2020/02/JACK-RUSSELL-TERRIER-SIZE.jpg",,
"259","Japansk terrier",3,"3 – Terriere",,,,,,,"https://dogbreeds.wiki/uploads/j/japanese-terrier-photo-2.jpg",,
"003","Kerry blue terrier",3,"3 – Terriere",,,,,,,"https://www.edogs.de/magazin/wp-content/uploads/kerry-blue-terrier-draussen.jpg",,
"070","Lakeland terrier",3,"3 – Terriere",,,,,,,"https://media-be.chewy.com/wp-content/uploads/2021/06/28160314/LakelandTerrier-FeaturedImage.jpg",,
"071","Manchester terrier",3,"3 – Terriere",,,,,,,"https://animalsbreeds.com/wp-content/uploads/2014/07/Manchester-Terrier-3.jpg",,
"011","Miniature bull terrier",3,"3 – Terriere",,,,,,,"https://www.thekennelclub.org.uk/media/1533/bull-terrier-miniature-standing.jpg?mode=pad&width=1000&rnd=132143783680000000",,
"272","Norfolk terrier",3,"3 – Terriere",,,,,,,"https://animalsbreeds.com/wp-content/uploads/2014/10/Norfolk-Terrier-8.jpg",,
"072","Norwich terrier",3,"3 – Terriere",,,,,,,"https://www.dailypaws.com/thmb/Q0Ws6KTCDs6Q7E9uEjrJLNcn-Vw=/1500x0/filters:no_upscale():max_bytes(150000):strip_icc()/norwich-terrier-profile-puppy-414969232-2000-e2396d082ff74476a7ca2be56e4d8ea6.jpg",,
"339","Parson russell terrier",3,"3 – Terriere",,,,,,,"https://animalsbreeds.com/wp-content/uploads/2014/07/Parson-Russell-Terrier-7.jpg",,
"n/a","Rat terrier",3,"3 – Terriere",,"not approved","no",,,,"https://www.dailypaws.com/thmb/SmVPjb_DlKbV0FoETd5DvjU1BkY=/1500x0/filters:no_upscale():max_bytes(150000):strip_icc()/rat-terrier-black-harness-grass-501597845-4b815e89a7b645ac9955d3d1e11db028.jpg",,
"074","Sealyham terrier",3,"3 – Terriere",,,,,,,"https://www.infoescola.com/wp-content/uploads/2013/05/Sealyham-Terrier_218131693.jpg",,
"236","Silky terrier",3,"3 – Terriere",,,,,,,"https://animalsbreeds.com/wp-content/uploads/2014/09/Silky-Terrier.jpg",,
"073","Skotsk terrier",3,"3 – Terriere",,,,,,,"https://norskterrierklub.no/Userfiles/Sites/images/Skotter/skotte_1_04.jpg",,
"075","Skye terrier",3,"3 – Terriere",,,,,,,"https://www.perfectdogbreeds.com/wp-content/uploads/2020/12/AdobeStock_317282052-scaled-e1607339365275.jpeg",,
"076","Staffordshire bull terrier",3,"3 – Terriere",,,,,,,"https://www.ecoidee.it/wp-content/uploads/2018/01/staffy-1.jpg",,
"000","Tenterfield terrier",3,"3 – Terriere",,"not approved","no",,,,"https://www.livelife.guide/wp-content/uploads/2018/03/tenterfield-terrier2.jpg",,
"000","Toy fox terrier",3,"3 – Terriere",,"not approved","no",,,,"https://www.thesprucepets.com/thmb/iiyUxQzKQv-UEi9v3Y5qxdrL980=/2083x1440/filters:fill(auto,1)/ToyFoxTerrierGettyImages-1178180163SergeyRyumin-8b8cb34a6406454185ddeea97b8a0c45.jpg",,
"103","Tysk jaktterrier",3,"3 – Terriere",,,,,,,"http://tyskjaktterrier.no/wp-content/uploads/2015/10/Mira-ul.jpg",,
"078","Welsh terrier",3,"3 – Terriere",,,,,,,"https://www.houdenvanhonden.nl/globalassets/rassen/fci-3/welsh-terrier/wer-ou-0050.jpg",,
"085","West highland white terrier",3,"3 – Terriere",,,,,,,"https://www.zooplus.be/magazine/wp-content/uploads/2019/09/west-highland-white-terrier-dans-lherbe.jpg",,
"086","Yorkshire terrier",3,"3 – Terriere",,,,,,,"https://www.zooplus.pt/magazine/wp-content/uploads/2018/07/yorkshire-terrier-am-meer.jpg",,
,,,,,,,,,,,,
"148","Dachshund korthåret",4,"4 – Dachshunder","Hound",,,,,,"https://www.selectadogbreed.com/media/1680/dachshundstandard_adult.jpg",,
"148","Dachshund langhåret",4,"4 – Dachshunder","Hound",,,,,,"https://worlddogfinder.com/imager/1200x630/upload/articles/longhaired_daschsund.png",,
"148","Dachshund strihåret",4,"4 – Dachshunder","Hound",,,,,,"https://dachshundklubb.no/wp-content/uploads/2019/10/Nimbus-1024x693.jpeg",,
"148","Dvergdachshund korthåret",4,"4 – Dachshunder","Hound",,,,,,"https://www.selectadogbreed.com/media/1680/dachshundstandard_adult.jpg",,
"148","Dvergdachshund langhåret",4,"4 – Dachshunder","Hound",,,,,,"https://worlddogfinder.com/imager/1200x630/upload/articles/longhaired_daschsund.png",,
"148","Dvergdachshund strihåret",4,"4 – Dachshunder","Hound",,,,,,"https://dachshundklubb.no/wp-content/uploads/2019/10/Nimbus-1024x693.jpeg",,
"148","Kanindachshund korthåret",4,"4 – Dachshunder","Hound",,,,,,"https://www.selectadogbreed.com/media/1680/dachshundstandard_adult.jpg",,
"148","Kanindachshund langhåret",4,"4 – Dachshunder","Hound",,,,,,"https://worlddogfinder.com/imager/1200x630/upload/articles/longhaired_daschsund.png",,
"148","Kanindachshund strihåret",4,"4 – Dachshunder","Hound",,,,,,"https://dachshundklubb.no/wp-content/uploads/2019/10/Nimbus-1024x693.jpeg",,
,,,,,,,,,,,,
"255","Akita",5,"5 – Spisshunder",,,,,,,"https://www.houdenvanhonden.nl/globalassets/rassen/fci-5/akita/akita-foto.jpg",,
"243","Alanskan malamute",5,"5 – Spisshunder",,,,,,,"https://2.bp.blogspot.com/-pbdNn_1TOyI/V14_6BIJXGI/AAAAAAAAF2o/ZLRrUxl6G4AgMnWsattnhTdaoHGPwq9FwCKgB/s1600/Alaskan_Malamute_Lead_Shot.jpg",,
"344","American akita",5,"5 – Spisshunder",,,,,,,"https://www.baycitizen.org/wp-content/uploads/2021/05/word-image-14.jpeg",,
"000","American eskimo dog",5,"5 – Spisshunder",,"not approved","no",,,,"https://res.cloudinary.com/fwkc-production/image/upload/v1/fwkc-prod/EskimoDog",,
"043","Basenji",5,"5 – Spisshunder",,,,,,,"https://animalsbreeds.com/wp-content/uploads/2015/01/Basenji-2.jpg",,
"273","Canaanhund",5,"5 – Spisshunder",,,,,,"Israel","https://www.101dogbreeds.com/wp-content/uploads/2015/01/Canaan-Dog-Photos.jpg",,
"205","Chow chow",5,"5 – Spisshunder",,,,,,,"https://a-z-animals.com/media/chow-chow-2.jpg",,
"000","Dansk spisshund",5,"5 – Spisshunder",,"not approved","no",,,,"https://upload.wikimedia.org/wikipedia/commons/thumb/a/a4/Danish_spitz.jpg/1920px-Danish_spitz.jpg",,
"199","Etnahund",5,"5 – Spisshunder",,,,,,,"https://dyreplaneten.no/wp-content/uploads/2023/09/etnahund.jpg",,
"291","Eurasier",5,"5 – Spisshunder",,,,,,,"https://www.blogcanin.com/wp-content/uploads/2017/07/eurasier.jpg",,
"248","Faraohund",5,"5 – Spisshunder",,,,,,,"https://www.omlet.se/images/cache/1024/682/Dog-Pharaoh_Hound-Three_Pharaoh_Hounds_standing_tall,_showing_off_their_wonderful,_pointed_ears.jpg",,
"189","Finsk lapphund",5,"5 – Spisshunder",,,,,,,"https://uploads.ifokus.se/uploads/049/0498650ca6b4e6a6873fbb24fb55570b/img-3045jpg.jpg",,
"049","Finsk spets",5,"5 – Spisshunder",,,,,,,"https://animalsbreeds.com/wp-content/uploads/2015/12/Finnish-Spitz-6.jpg",,
"097","Grosspitz (tysk spitz)",5,"5 – Spisshunder",,,,,,,"https://www.deutsche-spitze-liebhaber.de/assets/images/Grossspitze-in-schwarz-und-braun.jpg",,
"274","Grønlandshund",5,"5 – Spisshunder",,,,,,,"https://www.dyreabc.dk/images/show_images/28/2017/6/gr%C3%B8nlandshund_1496419900984.png",,
"000","Hälleforshund",5,"5 – Spisshunder",,"not approved","no",,,,"https://www.skk.se/contentassets/25b4b80346c142ea94d357586644ea3f/halleforshund-06.jpg",,
"261","Hokkaido",5,"5 – Spisshunder",,,,,,,"https://www.k9web.com/wp-content/uploads/2020/07/hokkaido-inu-dog.jpg",,
"289","Islandsk fårehund",5,"5 – Spisshunder",,,,,,,"https://imbo.vgc.no/users/protokoll/images/2b4b5f6e470e7c018c3e8715d7d797eb?accessToken=4c9efbb13a7fbc45d9fff2bc8044db8b81d96bab185120431bc23c6978dfae75",,
"262","Japansk spisshund",5,"5 – Spisshunder",,,,,,,"https://img.dog-learn.com/dog-breeds/japanese-spitz/japanese-spitz-i3-sz3.jpg",,
"276","Norrbottenspets",5,"5 – Spisshunder",,,,,,,"https://www.livelife.guide/wp-content/uploads/2018/05/Norrbottenspets.jpg",,
"237","Norsk buhund",5,"5 – Spisshunder",,,,,,,"http://www.dyreabc.dk/images/show_images/28/2017/6/norsk-buhund_1496431483655.png",,
"242","Norsk elghund grå",5,"5 – Spisshunder",,,,,,,"https://upload.wikimedia.org/wikipedia/commons/d/d4/Norwegian_Elkhound.jpg",,
"268","Norsk elghund sort",5,"5 – Spisshunder",,,,,,,"https://www.dyreabc.dk/images/show_images/28/2017/6/norsk-elghund-sort_1496421706465.png",,
"265","Norsk lundehund",5,"5 – Spisshunder",,,,,,,"https://www.thesprucepets.com/thmb/p7LmMcO6g0W4CU9sEH9qYJqq4Kg=/3020x2265/filters:fill(auto,1)/NorwegianLundehundGettyImages-531550938CaptureLight-3585cc8a42954930b0540747171b651e.jpg",,
"310","Peruviansk nakenhund",5,"5 – Spisshunder",,,,,,,"https://www.zooroyal.de/magazin/wp-content/uploads/2021/06/166057_AdobeStock_102084794_Portrait-of-posing-dog-min.jpg",,
"329","Podenco canario",5,"5 – Spisshunder",,,,,,,"https://www.canariasconfidencial.com/wp-content/uploads/2019/01/Podenco-Canario-3.jpg",,
"089","Podenco ibicenco glatthåret",5,"5 – Spisshunder",,,,,,,"https://nfnatcane.es/blog/wp-content/uploads/2020/04/Podenco-Ibicenco-en-el-jard%C3%ADn-696x461.jpg",,
"089","Podenco ibicenco strihåret",5,"5 – Spisshunder",,,,,,,"https://upload.wikimedia.org/wikipedia/commons/8/85/AdemasAout2021.ret.jpg",,
"094","Podengo portugues",5,"5 – Spisshunder",,,,,,,"https://4.bp.blogspot.com/-XpBWdwROrr4/VOOk9TaGmbI/AAAAAAAAAHQ/baPZXA7K2kA/s1600/20071102-0.jpg",,
"097","Pomeranian (tysk spitz)",5,"5 – Spisshunder",,,,,,,"https://mydoggy.rocks/wp-content/uploads/2014/10/Cream-Pomeranian-wallpaper.jpg",,
"304","Russisk-europeisk laika",5,"5 – Spisshunder",,,,,,,"https://elghundforbundet.no/wp-content/uploads/2021/01/Russko-Evropeiskaia-Laika-1536x893.jpg",,
"212","Samojedhund",5,"5 – Spisshunder",,,,,,,"https://cdn.fotofits.com/petzlover/gallery/img/l/samoyed-dog-789195.jpg",,
"257","Shiba",5,"5 – Spisshunder",,,,,,,"https://upload.wikimedia.org/wikipedia/commons/thumb/6/6b/Taka_Shiba.jpg/1200px-Taka_Shiba.jpg",,
"319","Shikoku",5,"5 – Spisshunder",,,,,,,"https://animalsbreeds.com/wp-content/uploads/2018/05/Shikoku-dog.jpg",,
"270","Siberian husky",5,"5 – Spisshunder",,,,,,,"https://petkeen.com/wp-content/uploads/2021/05/Siberian-Husky.jpg",,
"000","Svensk hvit elghund",5,"5 – Spisshunder",,"not approved","no",,,,"https://i.pinimg.com/originals/6d/f5/eb/6df5ebc4d34849a583c7a8706f1d93ed.jpg",,
"135","Svensk lapphund",5,"5 – Spisshunder",,,,,,,"https://www.hondenrassenwijzer.nl/wp-content/uploads/2019/09/zweedse-lappenhond-ras-1920x1272.jpg",,
"348","Taiwan dog",5,"5 – Spisshunder",,,,,,,"https://primitivedogs.com/wp-content/uploads/2016/11/Taiwan-Dog.jpg",,
"338","Thai ridgeback dog",5,"5 – Spisshunder",,,,,,,"https://animalsadda.com/wp-content/uploads/2020/03/Thai-Ridgeback-4-947x1024.jpg",,
"097","Tysk spitz (wolf/keeshond gross mittel klein og pomeranian)",5,"5 – Spisshunder",,,,,,,"https://rasehund.no/bilder/hundebilder/174/image/l_ZIMVAXFTNZ720200994755.jpg","https://www.fci.be/Nomenclature/Standards/097g05-en.pdf",
"097","Wolfspitz keeshond",5,"5 – Spisshunder",,,,,,,"https://media-be.chewy.com/wp-content/uploads/2021/07/16074019/Keeshond-FeaturedImage.jpg",,
"097","Mittelspitz",5,"5 – Spisshunder",,,,,,,"https://jimdo-storage.freetls.fastly.net/image/89303299/d5993373-9020-4daf-a453-c0542077c80d.jpg?format=pjpg&quality=80",,
"097","Kleinspitz",5,"5 – Spisshunder",,,,,,,"https://kleinspitz.nmhk.net/wp-content/uploads/sites/18/2017/12/19665181_1343334542440725_121557348132495791_n-768x610.jpg",,
"306","Vestsibirsk laika",5,"5 – Spisshunder",,,,,,,"https://disenlis.com/wp-content/uploads/2019/01/West-Siberian-Laika-e1547540584327.jpg",,
"195","Volpino italiano",5,"5 – Spisshunder",,,,,,,"https://dogbreeds.wiki/uploads/v/volpino-italiano-photo-1_1.jpg",,
"014","Västgøtaspets",5,"5 – Spisshunder",,,,,,,"https://external-content.duckduckgo.com/iu/?u=https%3A%2F%2Fdyreliv.no%2Fwp-content%2Fuploads%2F2021%2F05%2Fvastgotaspets-cc1.jpg&f=1&nofb=1&ipt=279207179e2557c322594befe9f52807985e8208160b67eab3bde41258bb0b57&ipo=images",,
"305","Østsibirsk laika",5,"5 – Spisshunder",,,,,,,"https://www.fci.be/Nomenclature/Illustrations/305g05-2.jpg",,
,,,,,,,,,,,,
"254","Alpinsk dachsbracke",6,"6 – Drivende og sporhunder",,,,,,,"https://upload.wikimedia.org/wikipedia/commons/thumb/2/23/Alpejski_go%C5%84czy_kr%C3%B3tkono%C5%BCny_g99.jpg/1920px-Alpejski_go%C5%84czy_kr%C3%B3tkono%C5%BCny_g99.jpg",,
"303","Amerikansk foxhound",6,"6 – Drivende og sporhunder",,,,,,,"https://media-be.chewy.com/wp-content/uploads/2021/06/10162608/AmericanFoxhound-FeaturedImage.jpg",,
"000","Anglo-russisk støver",6,"6 – Drivende og sporhunder",,"not approved","no",,,,"https://fello.pet/wp-content/uploads/2022/07/Russian-Harlequin-Hound-1-600x432.jpg",,
"020","Ariegois",6,"6 – Drivende og sporhunder",,,,,,,"https://www.houdenvanhonden.nl/globalassets/rassen/fci-6/ariegois/ariegois",,
"028","Artoishund",6,"6 – Drivende og sporhunder",,,,,,,"https://www.101dogbreeds.com/wp-content/uploads/2017/06/Artois-Hound.jpg",,
"150","Balkanstøver",6,"6 – Drivende og sporhunder",,,,,,,"https://rasehund.no/bilder/hundebilder/183/image/l_KIVYIWKABB10312008195710.JPG",,
"034","Basset artesien normand",6,"6 – Drivende og sporhunder",,,,,,,"https://spaces-animoscope.fra1.cdn.digitaloceanspaces.com/animoscope.com/3_306085_2171_full_13047357_33f74f499a.jpg",,
"035","Basset Bleu de Gascongne",6,"6 – Drivende og sporhunder",,,,,,,"https://external-content.duckduckgo.com/iu/?u=https%3A%2F%2Fwww.animal.ch%2Fuploads%2F2020%2F03%2Fbasset-bleu-de-gascogne-13-17-11.jpeg&f=1&nofb=1&ipt=c245d9b20f28f0a42830b35584aa4d17c7f6ba76afe6bc7fd2b2b8c85de1f272&ipo=images",,
"018","Basset d’artois",6,"6 – Drivende og sporhunder",,,,,,,"https://www.mascotarios.org/wp-content/gallery/basset-de-artois/basset-de-artois4.jpg",,
"036","Basset Fauve de Bretagne",6,"6 – Drivende og sporhunder",,,,,,,"https://media.ooreka.fr/public/image/3-306029-2635-full-13059817.jpg",,
"163","Basset hound",6,"6 – Drivende og sporhunder",,,,,,,"https://www.pupvine.com/wp-content/uploads/2021/07/Beautiful-Basset-Hound-purebred-dog.jpg",,
"217","Bayersk viltsporhund",6,"6 – Drivende og sporhunder",,,,,,,"https://dyreplaneten.no/wp-content/uploads/2023/09/bayersk-viltsporhund.jpg",,
"161","Beagle",6,"6 – Drivende og sporhunder",,,,,,,"https://www.thesprucepets.com/thmb/iLznfgKknFVhC64iqP3WhVl2tzs=/4367x2911/filters:fill(auto,1)/beagle-RolfKopfle-Photolibrary-Getty-135631212-56a26b1d3df78cf772756667.jpg",,
"290","Beagle harrier",6,"6 – Drivende og sporhunder",,,,,,,"https://dogbreeds.wiki/uploads/b/beagle-harrier-photo-12.jpg",,
"059","Bernerstøver",6,"6 – Drivende og sporhunder",,,,,,,"https://dyreplaneten.no/wp-content/uploads/2023/08/liten-bernerstover-wikimedia-commons.jpg",,
"025","Billy",6,"6 – Drivende og sporhunder",,,,,,,"https://img2.storyblok.com/810x0/f/92981/f0371782e1/billy-primary.jpg",,
"300","Black and tan coonhound",6,"6 – Drivende og sporhunder",,,,,,,"https://cdn.fotofits.com/petzlover/gallery/img/l/black-and-tan-coonhound-dog-849881.jpg",,
"084","Blodhund",6,"6 – Drivende og sporhunder",,,,,,,"https://www.thekennelclub.org.uk/media/2126/bloodhound-standing.jpg?mode=pad&width=1000&rnd=132140455600000000",,
"000","Bluetick coonhound",6,"6 – Drivende og sporhunder",,"not approved","no",,,,"https://i.pinimg.com/originals/6c/7c/7f/6c7c7f979932d47d8c0dca97b2511c75.jpg",,
"155","Bosnisk strihåret støver",6,"6 – Drivende og sporhunder",,,,,,,"https://rasehund.no/bilder/hundebilder/196/image/l_MWMDXZFAHW1110200821324.jpg",,
"063","Brandlbracke",6,"6 – Drivende og sporhunder",,,,,,,"http://www.zivalnik.si/site/assets/files/5890/zivalnik_si_-_brandlbrak.jpg",,
"019","Briquet griffon venden",6,"6 – Drivende og sporhunder",,,,,,,"https://www.pets.ch/race/image/891",,
"153","Dalmatiner",6,"6 – Drivende og sporhunder",,,,,,,"https://www.edogs.de/magazin/wp-content/uploads/dalmatiner-draussen.jpg",,
"130","Drever",6,"6 – Drivende og sporhunder",,,,,,"Sverige","https://animalsbreeds.com/wp-content/uploads/2014/09/Drever-2.jpg",,
"203","Dunker",6,"6 – Drivende og sporhunder","Hound",,,,,"Norge","https://www.petpaw.com.au/wp-content/uploads/2014/11/Dunker-Dog-Full-Body-Photo.png",,
"241","Erdelyi kopo ungarsk bracke",6,"6 – Drivende og sporhunder",,,,,,,"https://kutyakaland.hu/wp-content/uploads/erdelyi-kopo.jpg",,
"000","Estlandsstøver",6,"6 – Drivende og sporhunder",,"provisional","no",,,,"https://rasehund.no/bilder/hundebilder/205/image/l_YVSXLJHXJB1012201011398.jpg",,
"051","Finsk støver",6,"6 – Drivende og sporhunder",,,,,,,"https://dogbreeds.wiki/uploads/f/finnish-hound-photo-6.jpg",,
"159","Foxhound engelsk",6,"6 – Drivende og sporhunder",,,,,,,"https://img.dog-learn.com/dog-breeds/foxhound/foxhound.jpg",,
"316","Fransk hvit og gul støver",6,"6 – Drivende og sporhunder",,,,,,,"https://rasehund.no/bilder/hundebilder/208/image/l_VSWAEGYCHZ1013201015344.jpg",,
"220","Fransk hvit og sort støver",6,"6 – Drivende og sporhunder",,,,,,,"https://rasehund.no/bilder/hundebilder/209/image/l_LXEYMIQRJT11122008193823.JPG",,
"219","Fransk trefarget støver anglo-fransk støver",6,"6 – Drivende og sporhunder",,,,,,,"https://rasehund.no/bilder/hundebilder/254/image/l_VYVOJHHTLQ7202009172447.jpg",,
"021","Gascon saintongeois stor",6,"6 – Drivende og sporhunder",,,,,,,"https://www.petpaw.com.au/wp-content/uploads/2015/08/Gascon-saintongeois.jpg",,
"021","Gascon saintongeois liten",6,"6 – Drivende og sporhunder",,,,,,,"https://super-life.it/wp-content/uploads/2020/06/petit-gascogne-saintongeois-5edf49cb93cb9.jpg?x98280",,
"000","Gotlandsstøver",6,"6 – Drivende og sporhunder",,"not approved","no",,,,"https://rasehund.no/bilder/hundebilder/212/image/l_GDHUENCYKX11182010152151.jpg",,
"033","Grand basset griffon vendeen",6,"6 – Drivende og sporhunder",,,,,,,"https://s3.amazonaws.com/cdn-origin-etr.akc.org/wp-content/uploads/2017/11/12205729/Grand-Basset-Griffon-Vendeen-on-White-01.jpg",,
"022","Grand bleu de gascogne",6,"6 – Drivende og sporhunder",,,,,,,"https://www.thekennelclub.org.uk/media/2452/grand-bleu-de-gascogne-standing.jpg?mode=pad&width=1000&rnd=132140459520000000",,
"282","Grand griffon venden",6,"6 – Drivende og sporhunder",,,,,,,"https://www.zooplus.de/magazin/wp-content/uploads/2020/05/grand-griffon-vendeen.jpeg",,
"066","Griffon fauve de bretagne",6,"6 – Drivende og sporhunder",,,,,,,"https://media.ooreka.fr/public/image/3-305549-3635-full-14475929.jpg",,
"017","Griffon nivernais",6,"6 – Drivende og sporhunder",,,,,,,"https://fanimalo.com/wp-content/uploads/2019/11/Griffon-Nivernais-1-e1583229476479.jpg",,
"267","Haldenstøver",6,"6 – Drivende og sporhunder",,,,,,,"https://i.pinimg.com/originals/21/b7/ad/21b7ad992f04c4bcb60e732893c01cda.jpg",,
"132","Hamiltonstøver",6,"6 – Drivende og sporhunder",,,,,,,"https://dyreplaneten.no/wp-content/uploads/2023/06/hamiltonstover-hund-1024x683.jpg",,
"213","Hannoveransk viltsporhund",6,"6 – Drivende og sporhunder",,,,,,,"https://rasehund.no/bilder/hundebilder/221/image/l_SHEGNBUWKN12112008182156.jpg",,
"295","Harrier",6,"6 – Drivende og sporhunder",,,,,,,"https://www.101dogbreeds.com/wp-content/uploads/2018/01/Harrier-Dog.jpg",,
"266","Hygenhund",6,"6 – Drivende og sporhunder",,,,,,,"https://www.dogzone.com/images/breeds/hygen-hound-800.jpg",,
"151","Istarski korthåret støver",6,"6 – Drivende og sporhunder",,,,,,,"https://rasehund.no/bilder/hundebilder/224/image/l_DAEVCNUTHI10262010154545.jpg",,
"198","Istarski strihåret støver",6,"6 – Drivende og sporhunder",,,,,,,"https://rasehund.no/bilder/hundebilder/225/image/l_UHHMWOANEP1026201015540.jpg",,
"337","Italiensk korthåret støver",6,"6 – Drivende og sporhunder",,,,,,,"https://rasehund.no/bilder/hundebilder/226/image/l_IJQRJMEWPP72020091809.jpg",,
"198","Italiensk strihåret støver",6,"6 – Drivende og sporhunder",,,,,,,"https://rasehund.no/bilder/hundebilder/227/image/l_LZXNOLKPWW322011182927.jpg",,
"229","Serbisk (Jugoslavisk) trefarget støver",6,"6 – Drivende og sporhunder",,,,,,,"https://rasehund.no/bilder/hundebilder/228/image/l_KYHCSQYFLM32201116244.jpg",,
"059","Jurastøver",6,"6 – Drivende og sporhunder",,,,,,,"https://rasehund.no/bilder/hundebilder/229/image/l_UOPDXBTIWU322011185714.jpg",,
"325","Liten anglo-fransk støver",6,"6 – Drivende og sporhunder",,,,,,,"https://i.pinimg.com/originals/cf/e1/c0/cfe1c07987144f2bcf3eff5960896e55.jpg",,
"060","Liten bernerstøver",6,"6 – Drivende og sporhunder",,,,,,,"https://dyreplaneten.no/wp-content/uploads/2023/08/liten-bernerstover-wikimedia-commons.jpg",,
"060","Liten jurastøver",6,"6 – Drivende og sporhunder",,,,,,,"https://fello.pet/wp-content/uploads/2022/05/Small-Jura-Hound-1.jpg",,
"060","Liten luzernerstøver",6,"6 – Drivende og sporhunder",,,,,,,"https://i.pinimg.com/originals/35/33/bb/3533bb73c9ac14aa0ae25f020c5429a3.jpg",,
"060","Liten schweizerstøver",6,"6 – Drivende og sporhunder",,,,,,,"https://i.pinimg.com/originals/c8/d8/fb/c8d8fbff709b190779e6617c2442438a.jpg",,
"059","Luzernerstøver",6,"6 – Drivende og sporhunder",,,,,,,"https://i.pinimg.com/736x/e9/f2/92/e9f29228e0f0fd9db34f3362ea7dd47e.jpg",,
"294","Otterhound",6,"6 – Drivende og sporhunder",,,,,,,"https://vetstreet-brightspot.s3.amazonaws.com/00/1ee910a7e511e0a0d50050568d634f/file/Otterhound-4-645mk062711.jpg",,
"067","Petit basset griffon vendeen",6,"6 – Drivende og sporhunder",,,,,,,"https://www.akc.org/wp-content/uploads/2017/11/Petit-Basset-Griffon-Vendeen-standing.jpg",,
"031","Petit bleu de gascogne",6,"6 – Drivende og sporhunder",,,,,,,"https://www.adorablesbetes.com/wp-content/uploads/2021/04/chien-Petit-bleu-de-Gascogne-e1619079527867.jpeg",,
"032","Griffon bleu de gascogne",6,"6 – Drivende og sporhunder",,,,,,,"https://www.adorablesbetes.com/wp-content/uploads/2020/11/sante-Griffon-bleu-de-Gascogne.jpg",,
"000","Plott",6,"6 – Drivende og sporhunder",,"not approved","no",,,,"https://img2.dogthelove.com/201810/2019/0509/dd/0/563152/original.jpg",,
"024","Poitevin",6,"6 – Drivende og sporhunder",,,,,,,"https://worlddogfinder.com/imager/880x495/upload/poitevin.jpg",,
"052","Polsk støver",6,"6 – Drivende og sporhunder",,,,,,,"https://rasehund.no/bilder/hundebilder/239/image/l_LMEDRXCFLZ8302012171317.jpg",,
"030","Porcelaine",6,"6 – Drivende og sporhunder",,,,,,,"https://www.akc.org/wp-content/uploads/2017/11/Porcelaine.4.jpg",,
"154","Posavina støver",6,"6 – Drivende og sporhunder",,,,,,,"https://rasehund.no/bilder/hundebilder/241/image/l_JTJPHZXVPP8312012133133.jpg",,
"146","Rhodesian ridgeback",6,"6 – Drivende og sporhunder",,,,,,,"https://cdn.britannica.com/11/236911-050-45499A21/Rhodesian-Ridgeback-dog.jpg",,
"000","Russisk flekket støver",6,"6 – Drivende og sporhunder",,"not approved","no",,,,"https://rasehund.no/bilder/hundebilder/478/image/l_FDIHOKYMDK628201110741.jpg",,
"000","Russisk støver",6,"6 – Drivende og sporhunder",,"not approved","no",,,,"https://rasehund.no/bilder/hundebilder/244/image/l_NTOZZDKSBE6282011114525.jfif",,
"131","Schillerstøver",6,"6 – Drivende og sporhunder",,,,,,,"https://i.pinimg.com/736x/fc/73/fb/fc73fb50e51105c8c19729b9c3aa2054.jpg",,
"059","Schweizerstøver",6,"6 – Drivende og sporhunder",,,,,,,"https://rasehund.no/bilder/hundebilder/246/image/l_NPSFKFHNNS7202009155621.jpg",,
"244","Slovakisk støver",6,"6 – Drivende og sporhunder",,,,,,,"https://www.dyreabc.dk/images/show_images/28/2017/6/slovakisk-st%C3%B8ver_1496491817981.png",,
"279","Slovensk bergstøver",6,"6 – Drivende og sporhunder",,,,,,,"https://rasehund.no/bilder/hundebilder/248/image/l_GXESECFFFN3282011184145.jpg",,
"129","Smålandsstøver",6,"6 – Drivende og sporhunder",,,,,,,"https://www.dyreabc.dk/images/show_images/28/2017/6/sm%C3%A5landsst%C3%B8ver_1496489464283.png",,
"204","Spansk støver",6,"6 – Drivende og sporhunder",,,,,,,"https://rasehund.no/bilder/hundebilder/250/image/l_XFSLHPEJYO7202009191213.jpg",,
"062","Steiersk ruhåret bracke",6,"6 – Drivende og sporhunder",,,,,,,"https://bellos-reich.de/wp-content/uploads/2020/08/Steirische-Rauhhaarbracke-1024x683.jpg",,
"324","Stor anglo-fransk hvit-gul støver",6,"6 – Drivende og sporhunder",,,,,,,"https://rasehund.no/bilder/hundebilder/252/image/l_FQQGFZTTRZ618201094459.jpg",,
"323","Stor anglo-fransk hvit-sort støver",6,"6 – Drivende og sporhunder",,,,,,,"https://rasehund.no/bilder/hundebilder/253/image/l_QONTIVXKGJ720200917319.JPG",,
"322","Stor anglo-fransk trefarget støver",6,"6 – Drivende og sporhunder",,,,,,,"https://rasehund.no/bilder/hundebilder/254/image/l_VYVOJHHTLQ7202009172447.jpg",,
"068","Tiroler bracke",6,"6 – Drivende og sporhunder",,,,,,,"https://i.pinimg.com/originals/b4/6d/6d/b46d6d2a0e3cc3cbb9fd0df4502d3394.jpg",,
"000","Treeing walking coonhound",6,"6 – Drivende og sporhunder",,"not approved","no",,,,"https://www.dogmal.com/wp-content/uploads/2018/07/Treeing-Walker-Coonhound.jpg",,
"299","Tysk bracke",6,"6 – Drivende og sporhunder",,,,,,,"https://www.dogbreedstandards.com/wp-content/uploads/2013/04/Deutsche-Bracke.jpg",,
"100","Westfalsk dachsbracke",6,"6 – Drivende og sporhunder",,,,,,,"https://rasehund.no/bilder/hundebilder/257/image/l_QVBCANUJVM719200914172.jpg",,
,,,,,,,,,,,,
"106","Blå picardie spaniel",7,"7 – Stående fuglehunder",,,,,,,"https://2.bp.blogspot.com/-0xkjE0P1aFI/TdFdOGoSssI/AAAAAAAAAhA/GcKpiF4P0uQ/s1600/Bleu20070713130-Edit-Edit.jpg",,
"202","Bracco italiano",7,"7 – Stående fuglehunder",,,,,,,"http://sportingdogsaz.com/wp1/wp-content/uploads/2017/07/Bracco-Italiano.jpg",,
"180","Braque d’auvergne",7,"7 – Stående fuglehunder",,,,,,,"https://macroquette.com/wp-content/uploads/braque-dauvergne-chien.jpg",,
"177","Braque de l’ariege",7,"7 – Stående fuglehunder",,,,,,,"https://media.ooreka.fr/public/image/3-305379-5525-full-13493989.jpg",,
"179","Braque de bourbonnais",7,"7 – Stående fuglehunder",,,,,,,"https://s3.amazonaws.com/cdn-origin-etr.akc.org/wp-content/uploads/2017/11/01230324/Bourbonnais.jpg",,
"178","Braque dupuy",7,"7 – Stående fuglehunder",,,,,,,"https://3.bp.blogspot.com/-vHQy-dZe5WQ/VavZ9Iy0OnI/AAAAAAAAFhQ/fDrLtXs1QYw/s1600/Dupuy.jpg",,
"134","Braque francais type pyrenees",7,"7 – Stående fuglehunder",,,,,,,"https://upload.wikimedia.org/wikipedia/commons/7/7b/0805_braque_francais_text.jpg",,
"133","Braque francais type gascogne",7,"7 – Stående fuglehunder",,,,,,,"https://www.houdenvanhonden.nl/globalassets/rassen/fci-7/braque-francais-type-gascogne/braque-francais-type-gascogne",,
"115","Braque Saint-Germain",7,"7 – Stående fuglehunder",,,,,,,"https://dnl7t01l0fo05.cloudfront.net/fr/wp-content/uploads/sites/2/2018/08/braque-saint-germain-fiche-race-chien-1.jpg",,
"095","Breton",7,"7 – Stående fuglehunder",,,,,,,"https://upload.wikimedia.org/wikipedia/commons/f/f4/Epagneul_Breton.jpg",,
"224","Drentsche patrijshond",7,"7 – Stående fuglehunder",,,,,,,"https://animalsbreeds.com/wp-content/uploads/2015/11/Drentse-Patrijshond-2.jpg",,
"002","Engelsk setter",7,"7 – Stående fuglehunder",,,,,,,"https://www.dailypaws.com/thmb/4RfcaqfJZ97seBXthAzIRe_FwCc=/1500x0/filters:no_upscale():max_bytes(150000):strip_icc()/english-setter-wildflowers-65391332-2000-34a45da7c0884e59a863bf62ad77485b.jpg",,
"n/a","Epagneul de Saint-Usuge",7,"7 – Stående fuglehunder",,"not approved","no",,,,"https://upload.wikimedia.org/wikipedia/commons/thumb/2/27/EpagneuldeSaintUsuge.jpg/1200px-EpagneuldeSaintUsuge.jpg",,
"175","Fransk spaniel",7,"7 – Stående fuglehunder",,,,,,,"https://animalsbreeds.com/wp-content/uploads/2015/08/French-Spaniel-8.jpg",,
"107","Fransk vorstehhund strihåret",7,"7 – Stående fuglehunder",,,,,,,"https://2.bp.blogspot.com/-dWOu599W_6I/TffC5exbAOI/AAAAAAAABDA/PoQtp6yYfTc/s1600/DSC_0011.JPG",,
"174","Fransk vorstehhund ullpelset",7,"7 – Stående fuglehunder",,,,,,,,,
"281","Gammel dansk hønsehund",7,"7 – Stående fuglehunder",,,,,,,"https://www.dyreabc.dk/images/show_images/28/2017/6/h%C3%B8nsehund-gammel-dansk-_1496506515877.png",,
"006","Gordon setter",7,"7 – Stående fuglehunder",,,,,,,"https://animalsbreeds.com/wp-content/uploads/2018/05/Gordon-Setter.jpg",,
"118","Grosser müsterländer",7,"7 – Stående fuglehunder",,,,,,,"https://happyhunde.de/wp-content/uploads/2023/03/Grosser-Muensterlaender-im-Portraet.jpg",,
"330","Irsk rød og hvit setter",7,"7 – Stående fuglehunder",,,,,,,"https://rasehund.no/bilder/hundebilder/276/image/l_XBZNSLMFBH10212010151426.jpg",,
"120","Irsk setter",7,"7 – Stående fuglehunder",,,,,,,"https://images.squarespace-cdn.com/content/57f3880f6a4963989e2f8148/1584259864890-AGW1W77J25X4KPQJGBOS/89966436_3206036012817260_1048814705692377088_o.jpg?format=1500w&content-type=image%2Fjpeg",,
"165","Italiensk spinone",7,"7 – Stående fuglehunder",,,,,,,"https://www.dogmal.com/wp-content/uploads/2018/07/spinoni-italiani.jpg",,
"102","Kleiner münsterländer",7,"7 – Stående fuglehunder",,,,,,,"https://kleine-muensterlaender.org/media/2016/03/Erlengrund-Rasco-vom-R%C3%BCde-braun-weiss-gemantelt.jpg",,
"090","Perdiguero de burgos",7,"7 – Stående fuglehunder",,,,,,,"https://estag.fimagenes.com/imagenesred/2356407_0.jpg?1",,
"108","Picard spaniel",7,"7 – Stående fuglehunder",,,,,,,"https://le-cdn.website-editor.net/8e6d90b590ba45b2899659c91e5d9510/dms3rep/multi/opt/Picard20070403130-Edit-1920w.jpg",,
"001","Pointer",7,"7 – Stående fuglehunder",,,,,,,"https://allbigdogbreeds.com/wp-content/uploads/2015/06/English-Pointer-1.jpg",,
"114","Pont-audemer spaniel",7,"7 – Stående fuglehunder",,,,,,,"https://animalsbreeds.com/wp-content/uploads/2015/11/Pont-Audemer-Spaniel-6.jpg",,
"187","Portugisisk pointer",7,"7 – Stående fuglehunder",,,,,,,"https://www.thekennelclub.org.uk/media/1297/portuguese-pointer-standing.jpg?mode=pad&width=1000&rnd=132140430190000000",,
"216","Pudelpointer",7,"7 – Stående fuglehunder",,,,,,,"https://projectupland.com/wp-content/uploads/2019/09/Pudelpointer-The-Complete-Versatile-Hunting-Dog-History.jpg",,
"320","Slovakisk vorstehhund ruhåret",7,"7 – Stående fuglehunder",,,,,,,"https://rasehund.no/bilder/hundebilder/286/image/l_WWCDJRBJWW332011135829.jpg",,
"222","Stabyhoun",7,"7 – Stående fuglehunder",,,,,,,"https://www.holidays4dogs.co.uk/wp-content/uploads/2016/05/Herryt-by-Patty-Berkenbosch.-One-of-the-UKs-own-stud-dogs..jpg",,
"245","Tsjekkisk vorstehhund",7,"7 – Stående fuglehunder",,,,,,,"https://rasehund.no/bilder/hundebilder/288/image/l_AOZBHDKPSF7202009152852.jpg",,
"057","Ungarsk vizsla korthåret",7,"7 – Stående fuglehunder",,,,,,,"https://puppytoob.com/wp-content/uploads/2017/07/Hungarian-Vizsla.jpeg",,
"239","Ungarsk vizsla strihåret",7,"7 – Stående fuglehunder",,,,,,,"https://dyrebar.no/media/encyclopedia/2017/11/01/2bec01d0812c42a3a885b6ecb6f1ad27.jpg.1110x625_q85.jpg",,
"119","Vorstehhund korthåret",7,"7 – Stående fuglehunder",,,,,,,"https://www.petfinder.ch/sites/default/files/2020-11/german_shorthaired_pointer_dog_145956080.jpg",,
"117","Vorstehhund langhåret",7,"7 – Stående fuglehunder",,,,,,,"https://b3310731.smushcdn.com/3310731/wp-content/uploads/2023/06/vorstehhund-langharet.jpg?lossy=2&strip=1&webp=1",,
"232","Vorstehhund stikkelhåret",7,"7 – Stående fuglehunder",,,,,,,"https://rasehund.no/bilder/hundebilder/293/image/l_YHDNFPBHQN12192008201321.jpg",,
"098","Vorstehhund strihåret",7,"7 – Stående fuglehunder",,,,,,,"https://2.bp.blogspot.com/-dWOu599W_6I/TffC5exbAOI/AAAAAAAABDA/PoQtp6yYfTc/s1600/DSC_0011.JPG",,
"099","Weimaraner korthåret",7,"7 – Stående fuglehunder",,,,,,,"https://bd748ed457.clvaw-cdnwnd.com/cc069b1670d185e4cade400a9d3bca98/200000104-e7e7fe7e81/Untitled_Artwork%205.JPG?ph=bd748ed457",,
"099","Weimaraner langhåret",7,"7 – Stående fuglehunder",,,,,,,"https://www.nkk.no/getfile.php/134421-1483446566/Bilder/Rasebilder/langh%C3%A5ret%20Weimaraner/Langh%C3%A5ret%20Weimaraner_Per%20Kristian%20Enget.jpg%20%28dog_race_profile%29.jpg",,
,,,,,,,,,,,,
"167","Amerikansk cocker spaniel",8,"8 – Apporterende fuglehunder",,,,,,,"https://mydoggy.rocks/wp-content/uploads/2014/10/American-Cocker-Spaniel-wallpaper.jpg",,
"301","Amerikansk vannspaniel",8,"8 – Apporterende fuglehunder",,,,,,,"https://www.petful.com/wp-content/uploads/2015/10/american-water-spaniel.jpg",,
"105","Barbet",8,"8 – Apporterende fuglehunder",,,,,,,"https://1.bp.blogspot.com/-KOR1E5rmYLE/XeMNUhTGl6I/AAAAAAAACQI/EQtIQBauoC8-3bjXCts9t72rBcMmeVNJgCLcBGAsYHQ/s1600/Barbet-dog22.jpg",,
"263","Chesapeake bay retriever",8,"8 – Apporterende fuglehunder",,,,,,,"http://pugdogclubofmd.org/wp-content/uploads/2021/08/Chesapeake-Bay-Retriever.jpg",,
"109","Clumber spaniel",8,"8 – Apporterende fuglehunder",,,,,,,"https://animalsbreeds.com/wp-content/uploads/2015/07/Clumber-Spaniel-9.jpg",,
"005","Cocker spaniel",8,"8 – Apporterende fuglehunder",,,,,,,"https://4.bp.blogspot.com/_mbATdyRfCFM/THBFbr6_kUI/AAAAAAAABQA/UlYKVsNQxvA/s1600/english+cocker+spaniel.jpg",,
"110","Curly coated retriever",8,"8 – Apporterende fuglehunder",,,,,,,"https://www.zooplus.de/magazin/wp-content/uploads/2018/05/Curly-Coated-Retriever-Schwarz.jpg",,
"125","Engelsk springer spaniel",8,"8 – Apporterende fuglehunder",,,,,,,"https://www.dogexpress.in/wp-content/uploads/2016/04/English-springer-spaniel-1.jpg",,
"123","Field spaniel",8,"8 – Apporterende fuglehunder",,,,,,,"https://alaskadogworks.com/wp-content/uploads/2022/06/field-spaniel-alaska-dog-works.jpeg",,
"121","Flat coated retriever",8,"8 – Apporterende fuglehunder",,,,,,,"https://img.dog-learn.com/dog-breeds/flat-coated-retriever/flat-coated-retriever-i2.jpg",,
"111","Golden retriever",8,"8 – Apporterende fuglehunder",,,,,,,"https://res.cloudinary.com/fwkc-production/image/upload/c_thumb,dpr_3.0,f_auto,g_center,h_430,q_auto,w_768/v1/fwkc-prod/May_1",,
"124","Irsk vannspaniel",8,"8 – Apporterende fuglehunder",,,,,,,"https://rasehund.no/bilder/hundebilder/307/image/l_XNPOKAGIXE102620101408.jpg",,
"314","Kooikerhund",8,"8 – Apporterende fuglehunder",,,,,,,"https://www.dierenrecht.nl/sites/default/files/styles/og/public/2019-09/nederlandse-kooikerhondje.jpg?itok=Zd-TQWKQ",,
"122","Labrador retriever",8,"8 – Apporterende fuglehunder",,,,,,,"https://www.bil-jac.com/media/j1hodeqf/labrador-962177576.jpg",,
"298","Lagotto romagnolo",8,"8 – Apporterende fuglehunder",,,,,,,"https://www.haustierratgeber.de/wp-content/uploads/2020/03/Lagotto-Romagnolo-1.jpeg",,
"312","Nova Scotia duck tolling retriever",8,"8 – Apporterende fuglehunder",,,,,,,"https://www.nativebreed.org/wp-content/uploads/2020/07/Nova-Scotia-Duck-Tolling-Retriever-1536x1023.jpg",,
"336","Portugisisk vannhund",8,"8 – Apporterende fuglehunder",,,,,,,"http://www.portugisisk-vannhund.no/modules/gallery/albums/Alle_bilder/img/170420084650_brun_uten_raseklipp_hel_figur.jpg",,
"127","Sussex spaniel",8,"8 – Apporterende fuglehunder",,,,,,,"https://animalsbreeds.com/wp-content/uploads/2014/06/Sussex-Spaniel-7.jpg",,
"104","Wachtelhund",8,"8 – Apporterende fuglehunder",,,,,,,"https://einfachtierisch.de/media/cache/article_teaser/cms/2016/08/deutscher-wachtelhund-Capture-Light-shutterstock-406868575.jpg?595617",,
"126","Welsh springer spaniel",8,"8 – Apporterende fuglehunder",,,,,,,"https://www.pets.ch/race/image/1160",,
"221","Wetterhoun",8,"8 – Apporterende fuglehunder",,,,,,,"https://i.pinimg.com/originals/33/42/fe/3342fedaaa39899aac96f0fdf051a161.jpg",,
,,,,,,,,,,,,
"215","Bichon frise",9,"9 – Selskapshunder",,,,,,,"https://www.dailypaws.com/thmb/QKBGG7x_ibm2AcuoVc_rkXd_PRM=/1500x0/filters:no_upscale():max_bytes(150000):strip_icc()/bichon-frise-on-stairs-182775804-2000-b2130a9ae6f1431eabbb6d73e606ea8e.jpg",,
"250","Bichon havanais",9,"9 – Selskapshunder",,,,,,,"https://www.azenkutyam.hu/wp-content/uploads/2021/02/gettyimages-508763378.jpg",,
"196","Bolognese",9,"9 – Selskapshunder",,,,,,,"https://www.monkoodog.com/wp-content/uploads/2021/06/Bolognese-Dog-Breed.jpg",,
"140","Boston terrier",9,"9 – Selskapshunder",,,,,,,"https://www.allesoverhondenrassen.nl/wp-content/uploads/2018/11/boston-terrier.jpg",,
"136","Cavalier King Charles spaniel",9,"9 – Selskapshunder",,,,,,,"http://www.petpaw.com.au/wp-content/uploads/2014/04/Cavalier-King-Charles-Spaniel-3.jpg",,
"218","Chihuahua korthåret",9,"9 – Selskapshunder",,,,,,,"https://www.nkk.no/getfile.php/135940-1486105981/Bilder/Rasebilder/Chihuahua%20korth%C3%A5r/Chihuahua%20korth%C3%A5ret%20-%20stor.jpg%20%28dog_race_profile%29.jpg",,
"218","Chihuahua langhåret",9,"9 – Selskapshunder",,,,,,,"https://petsnurturing.com/wp-content/uploads/2020/09/long-hair-chihuahua-3.jpg",,
"288","Chinese crested",9,"9 – Selskapshunder",,,,,,,"https://dogfriendlyscene.co.uk/wp-content/uploads/2020/12/Chinese-Crested-dog-breed.png",,
"288","Chinese crested powder puff",9,"9 – Selskapshunder",,,,,,,"https://www.dogdwell.com/wp-content/uploads/2021/01/Chinese-Crested-Powder-Puff.jpg",,
"283","Coton de tulear",9,"9 – Selskapshunder",,,,,,,"https://chatschiens.com/wp-content/uploads/2020/04/Coton-de-Tulear-dog-7-1024x645.jpg",,
"172","Dvergpuddel",9,"9 – Selskapshunder",,,,,,,"https://dyreplaneten.no/wp-content/uploads/2023/09/dvergpuddel.jpg",,
"101","Fransk bulldog",9,"9 – Selskapshunder",,,,,,,"https://i0.wp.com/blog.dogley.com/dk/wp-content/uploads/sites/3/2019/11/Fransk-bulldog.jpg?fit=1261%2C880&ssl=1",,
"081","Griffon belge",9,"9 – Selskapshunder",,,,,,,"https://media-be.chewy.com/wp-content/uploads/2021/06/21092450/BrusselsGriffon-FeaturedImage.jpg",,
"081","Griffon belge bruxellois",9,"9 – Selskapshunder",,,,,,,"https://media-be.chewy.com/wp-content/uploads/2021/06/21092450/BrusselsGriffon-FeaturedImage.jpg",,
"080","Griffon bruxellois",9,"9 – Selskapshunder",,,,,,,"https://upload.wikimedia.org/wikipedia/commons/2/23/Monkey_Bizniz_Drama_Queen.jpg",,
"206","Japanese chin",9,"9 – Selskapshunder",,,,,,,"https://www.petpaw.com.au/wp-content/uploads/2014/06/Japanese-Chin-3-1030x853.jpg",,
"128","King Charles spaniel",9,"9 – Selskapshunder",,,,,,,"https://www.thesprucepets.com/thmb/QtjjUDdKy7moj35gzRQE1MU8tqE=/1500x884/filters:fill(auto,1)/17285271484_cf2a1ee298_o-e9f36a076d9f4a0bacdc1200673e5268.jpg",,
"192","Kromfohrländer",9,"9 – Selskapshunder",,,,,,,"https://upload.wikimedia.org/wikipedia/commons/9/9f/Kromfohr_rauhaar.JPG",,
"227","Ihasa aspo",9,"9 – Selskapshunder",,,,,,,"https://www.nkk.no/getfile.php/137355-1486555482/Bilder/Rasebilder/Lhasa%20apso/Lhasa%20apso.jpg%20%28dog_race_profile%29.jpg",,
"233","Løwchen",9,"9 – Selskapshunder",,,,,,,"https://animalsbreeds.com/wp-content/uploads/2014/10/Lowchen-5.jpg",,
"065","Malteser",9,"9 – Selskapshunder",,,,,,,"https://img.fotocommunity.com/malteser-welpe-donna-7439-df005d5a-9cbf-48c5-90df-a578de77c5ce.jpg?height=1080",,
"172","Mellompuddel",9,"9 – Selskapshunder",,,,,,,"https://www.nkk.no/getfile.php/13106086-1490695230/Bilder/Rasebilder/Stor%20puddel/Puddel_Nina%20Cecilie%20V.%20Fredriksen_profil.jpg%20%28dog_race_profile%29.jpg",,
"253","Mops",9,"9 – Selskapshunder",,,,,,,"https://www.hundeo.com/wp-content/uploads/2019/01/Mops-beige.jpg",,
"077","Papillon",9,"9 – Selskapshunder",,,,,,,"https://animalsbreeds.com/wp-content/uploads/2014/07/Papillon-dog.jpeg",,
"207","Pekingeser",9,"9 – Selskapshunder",,,,,,,"https://hunderacer.dk/gallery_964/pekingeser-star-midt-i-noget-beplantning-814949.webp",,
"082","Petit brabancon",9,"9 – Selskapshunder",,,,,,,"https://www.nkk.no/getfile.php/132279944-1579772827/Bilder/Rasebilder/Petit%20brabancon/Raseprofil_Petit-Brabancon.jpg%20%28full_width%29.jpg",,
"077","Phalene",9,"9 – Selskapshunder",,,,,,,"https://www.blogcanin.com/wp-content/uploads/2017/07/phalene-blanc-roux-noir.jpg",,
"000","Russisk bolonka",9,"9 – Selskapshunder",,"not approved","no",,,,"https://s3.amazonaws.com/cdn-origin-etr.akc.org/wp-content/uploads/2017/11/19145430/Two-Russian-Tsvetnaya-Bolonki-sitting-for-a-studio-portrait.jpg",,
"352","Russisk toy",9,"9 – Selskapshunder",,,,,,,"https://www.mypetzilla.co.uk/files/7914/7924/1206/Russian-Toy-Terrier.jpg",,
"208","Shih tzu",9,"9 – Selskapshunder",,,,,,,"https://cdn.britannica.com/05/234205-050-F8D2E018/Shih-tzu-dog.jpg",,
"172","Storpuddel",9,"9 – Selskapshunder",,,,,,,"https://cdn.britannica.com/39/233239-050-50C0C3C5/standard-poodle-dog.jpg",,
"231","Tibetansk spaniel",9,"9 – Selskapshunder",,,,,,,"http://bullmastiffer.weebly.com/uploads/1/4/9/3/14930154/46517013-10217627772508837-1494815598746533888-n_orig.jpg",,
"209","Tibetansk terrier",9,"9 – Selskapshunder",,,,,,,"https://upload.wikimedia.org/wikipedia/commons/thumb/8/8b/Tibetan_terrier.jpg/1920px-Tibetan_terrier.jpg",,
"172","Toypuddel",9,"9 – Selskapshunder",,,,,,,"https://fishsubsidy.org/wp-content/uploads/2020/01/Toy-Poodle.jpg",,
"000","Tsjekkisk rottehund",9,"9 – Selskapshunder",,"not approved","no",,,,"https://dyreplaneten.no/wp-content/uploads/2023/09/prazsky-krysarik-tsjekkisk-rottehund.jpg",,
,,,,,,,,,,,,
"228","Afghansk mynde",10,"10 – Mynder",,,,,,,"https://billeder.bazoom.dk/hunde/galleri/303/l/1512125/afghansk-mynde-alfred.jpg",,
"307","Azawkh",10,"10 – Mynder",,,,,,,"https://www.animalandia0.com/wp-content/uploads/2020/01/Azawakh4.jpg",,
"193","Borzoi",10,"10 – Mynder",,,,,,,"https://allbigdogbreeds.com/wp-content/gallery/borzoi/Borzoi-6.jpg",,
"158","Greyhound engelsk mynde",10,"10 – Mynder",,,,,,,"https://highlandcanine.com/wp-content/uploads/2014/12/iStock_000003315171_Large.jpg",,
"160","Irsk ulvehund",10,"10 – Mynder",,,,,,,"https://www.dkk.dk/uploads/koebhund-bilder/_1500x1000_fit_center-center_75_none/1443614426500.jpg",,
"200","Italiensk mynde",10,"10 – Mynder",,,,,,,"https://media-be.chewy.com/wp-content/uploads/2021/06/10162333/ItalianGreyhound-FeaturedImage-1024x615.jpg",,
"333","Polsk mynde",10,"10 – Mynder",,,,,,,"https://www.myndeklubben.no/images/breeds/IMG_5756.JPG",,
"269","Saluki",10,"10 – Mynder",,,,,,,"https://allbigdogbreeds.com/wp-content/gallery/saluki/Saluki-6.jpg",,
"164","Skotsk hjortehund",10,"10 – Mynder",,,,,,,"http://www.hjortehund.no/wp-content/uploads/2011/09/Skotsk-Hjortehund-tispe.jpg",,
"188","Sloughi",10,"10 – Mynder",,,,,,,"http://cdn.akc.org/content/article-body-image/sloughi_header_.jpg",,
"285","Spansk galgo",10,"10 – Mynder",,,,,,,"https://www.tieranzeigen.at/magazin/hunde/hunderassen/galgo-espanol/galgo-espanol-xl.jpg",,
"240","Ungarsk mynde",10,"10 – Mynder",,,,,,,"https://dyrebar.no/media/encyclopedia/2017/11/01/82dc88908f6b4a64b852352944003b6e.jpg.1110x625_q85.jpg",,
"162","Whippet",10,"10 – Mynder",,,,,,,"https://animalsbreeds.com/wp-content/uploads/2015/06/Whippet-4.jpg",,
